,matern12,constant + exponential,constant + matern12,se + matern12,rq + matern12,se + exponential,rq + exponential,matern12 + matern32,matern12 + exponential,matern12 + matern12,exponential + exponential
0,5.170267086954748e-10,5.653992752759523e-10,2.2825892144486477e-09,5.102919025418461e-10,-9999.0,2.3992693389823512e-09,-9999.0,5.223081912759199e-10,5.601659223622009e-09,2.1140856081005654e-10,8.57199396108849e-10
1,2.9468616024733373e-08,1.9692387201796755e-08,1.9642508962535082e-08,-9999.0,-9999.0,4.341347117305307e-08,0.0030458544640684267,1.709078153732117e-07,7.570343987967767e-08,2.5301741304433293e-08,1.6474342952505267e-08
2,5.635041153660025e-10,2.012947768091338e-09,1.8211706795558557e-09,-9999.0,-9999.0,2.938517450504767e-10,0.0018388501458923596,9.45449179749269e-10,7.640258227965932e-10,9.73501143151942e-10,3.844493514379499e-09
3,4.09526272987499e-09,3.118455487091035e-09,3.5718092460210396e-08,-9999.0,-9999.0,1.4652956265929678e-09,0.00402112367305061,2.417235607416273e-09,3.914722907683536e-09,1.276437100963409e-08,8.696316959597318e-09
