,se,rq,exponential,matern12,constant + exponential,constant + matern12,se + matern12,rq + matern12,se + exponential,rq + exponential,matern12 + matern32,matern12 + exponential,matern12 + matern12,exponential + exponential
0,33217961.090610106,-9999.0,-9999.0,0.20830374118590744,0.3136912054390464,0.9253169012014685,1.066979466428202,0.4865171755545667,-9999.0,-9999.0,-9999.0,-9999.0,-9999.0,738.7444127336774
1,27969557.239978503,-9999.0,-9999.0,1.8601458873659849,0.2719948476167734,0.10430081293095253,0.07121053946205057,0.2974343371132912,-9999.0,-9999.0,-9999.0,-9999.0,-9999.0,0.1843145829671538
2,32146646.75505373,-9999.0,-9999.0,0.23546666657888002,1.6294107281166612,0.2891363841441813,1.2872412540296876,0.14333563728349927,-9999.0,-9999.0,-9999.0,-9999.0,-9999.0,0.40440068915437616
3,30173518.647968024,-9999.0,-9999.0,1.3072537344843669,0.6928348146636135,1.2234734948370602,0.5279622016992391,0.38811335140985315,-9999.0,-9999.0,-9999.0,-9999.0,-9999.0,2.0824810543369296
4,25829761.48928293,-9999.0,-9999.0,0.10509247855171508,3.4335148947417147,0.09454533227281928,0.36311528948808575,0.7750397229380189,-9999.0,-9999.0,-9999.0,-9999.0,-9999.0,0.2859107999770623
5,28525383.023443915,-9999.0,-9999.0,0.26305984383807923,0.14451838624429358,1.9904870559192485,1.9547153898092475,1.134466286859654,-9999.0,-9999.0,-9999.0,-9999.0,-9999.0,0.5855947918162143
6,28438282.038828257,-9999.0,-9999.0,0.059237543209408904,0.03530380614145451,0.07976829079245712,0.023808410785082286,0.20412905288863026,-9999.0,-9999.0,-9999.0,-9999.0,-9999.0,0.07434605967782153
7,33092095.91140756,-9999.0,-9999.0,0.10704628053982879,0.8398431856484307,0.14023969080862356,1.1240895929681978,0.5177666447701168,-9999.0,-9999.0,-9999.0,-9999.0,-9999.0,0.39768239736211963
